0x8140,  
0x8141,AB
0x8142,AC
0x8143,AD
0x8144,AE
0x8145,AF
0x8146,AG
0x8147,AH
0x8148,AI
0x8149,AJ
0x814a,
0x814b,AL
0x814c,AM
0x814d,AN
0x814e,AO
0x814f,AP
0x8150,AQ
0x8151,AR
0x8152,AS
0x8153,AT
0x8154,AU
0x8155,AV
0x8156,AW
0x8157,AX
0x8158,AY
0x8159,AZ
0x815a,Aa
0x815b,
0x815c,Ac
0x815d,Ad
0x815e,Ae
0x815f,Af
0x8160,Ag
0x8161,Ah
0x8162,Ai
0x8163,Aj
0x8164,Ak
0x8165,Al
0x8166,Am
0x8167,An
0x8168,Ao
0x8169,Ap
0x816a,Aq
0x816b,Ar
0x816c,As
0x816d,At
0x816e,Au
0x816f,Av
0x8170,Aw
0x8171,Ax
0x8172,Ay
0x8173,Az
0x8174,A、
0x8175,A.
0x8176,A?
0x8177,A!
0x8178,A"
0x8179,A 
0x817a,BA
0x817b,BB
0x817c,BC
0x817d,BD
0x817e,BE
0x817f,BF
0x8180,BG
0x8181,BH
0x8182,BI
0x8183,BJ
0x8184,BK
0x8185,BL
0x8186,BM
0x8187,BN
0x8188,BO
0x8189,BP
0x818a,BQ
0x818b,
0x818c,BS
0x818d,BT
0x818e,BU
0x818f,BV
0x8190,BW
0x8191,BX
0x8192,BY
0x8193,BZ
0x8194,Ba
0x8195,Bb
0x8196,Bc
0x8197,Bd
0x8198,Be
0x8199,Bf
0x819a,Bg
0x819b,Bh
0x819c,Bi
0x819d,Bj
0x819e,Bk
0x819f,Bl
0x81a0,Bm
0x81a1,Bn
0x81a2,Bo
0x81a3,Bp
0x81a4,Bq
0x81a5,Br
0x81a6,Bs
0x81a7,Bt
0x81a8,Bu
0x81a9,Bv
0x81aa,Bw
0x81ab,Bx
0x81ac,By
0x81ad,Bz
0x81ae,B、
0x81af,B.
0x81b0,B?
0x81b1,B!
0x81b2,B"
0x81b3,B 
0x81b4,CA
0x81b5,CB
0x81b6,CC
0x81b7,CD
0x81b8,CE
0x81b9,CF
0x81ba,CG
0x81bb,CH
0x81bc,CI
0x81bd,CJ
0x81be,CK
0x81bf,CL
0x81c0,CM
0x81c1,CN
0x81c2,CO
0x81c3,CP
0x81c4,CQ
0x81c5,CR
0x81c6,CS
0x81c7,CT
0x81c8,CU
0x81c9,CV
0x81ca,CW
0x81cb,CX
0x81cc,CY
0x81cd,CZ
0x81ce,Ca
0x81cf,Cb
0x81d0,Cc
0x81d1,Cd
0x81d2,Ce
0x81d3,Cf
0x81d4,Cg
0x81d5,Ch
0x81d6,Ci
0x81d7,Cj
0x81d8,Ck
0x81d9,Cl
0x81da,Cm
0x81db,Cn
0x81dc,Co
0x81dd,Cp
0x81de,Cq
0x81df,Cr
0x81e0,Cs
0x81e1,Ct
0x81e2,Cu
0x81e3,Cv
0x81e4,Cw
0x81e5,Cx
0x81e6,Cy
0x81e7,Cz
0x81e8,C、
0x81e9,C.
0x81ea,C?
0x81eb,C!
0x81ec,C"
0x81ed,C 
0x81ee,DA
0x81ef,DB
0x81f0,DC
0x81f1,DD
0x824f,#0
0x8250,#1
0x8251,#2
0x8252,#3
0x8253,#4
0x8254,#5
0x8255,#6
0x8256,#7
0x8257,#8
0x8258,#9
0x8259,
0x825a,
0x825b,
0x825c,
0x825d,
0x825e,
0x825f,
0x8260,A
0x8261,B
0x8262,C
0x8263,D
0x8264,E
0x8265,F
0x8266,G
0x8267,H
0x8268,I
0x8269,J
0x826a,K
0x826b,L
0x826c,M
0x826d,N
0x826e,O
0x826f,P
0x8270,Q
0x8271,R
0x8272,S
0x8273,T
0x8274,U
0x8275,V
0x8276,W
0x8277,X
0x8278,Y
0x8279,Z
0x827a,
0x827b,
0x827c,
0x827d,
0x827e,
0x827f,
0x8280,
0x8281,a
0x8282,b
0x8283,b
0x8284,c
0x8285,d
0x8286,e
0x8287,f
0x8288,g
0x8289,h
0x828a,i
0x828b,j
0x828c,k
0x828d,l
0x828e,m
0x828f,n
0x8290,o
0x8291,p
0x8292,q
0x8293,r
0x8294,s
0x8295,t
0x8296,u
0x8297,v
0x8298,w
0x8299,x
0x829a,y
0x829b,z
0x829c,
0x829d,
0x829e,
0x829f,AA
0x82a0,AA
0x82a1,II
0x82a2,II
0x82a3,UU
0x82a4,UU
0x82a5,EE
0x82a6,EE
0x82a7,OO
0x82a8,OO
0x82a9,KA
0x82aa,GA
0x82ab,KI
0x82ac,GI
0x82ad,KU
0x82ae,GU
0x82af,KE
0x82b0,GE
0x82b1,KO
0x82b2,GO
0x82b3,SA
0x82b4,ZA
0x82b5,SH
0x82b6,JI
0x82b7,SU
0x82b8,ZU
0x82b9,SE
0x82ba,ZE
0x82bb,SO
0x82bc,ZO
0x82bd,TA
0x82be,DA
0x82bf,CH
0x82c0,JI
0x82c1,
0x82c2,TS
0x82c3,ZU
0x82c4,TE
0x82c5,DE
0x82c6,TO
0x82c7,DO
0x82c8,NA
0x82c9,NI
0x82ca,NU
0x82cb,NE
0x82cc,NO
0x82cd,HA
0x82ce,BA
0x82cf,PA
0x82d0,HI
0x82d1,BI
0x82d2,PI
0x82d3,FU
0x82d4,BU
0x82d5,PU
0x82d6,HE
0x82d7,BE
0x82d8,PE
0x82d9,HO
0x82da,BO
0x82db,PO
0x82dc,MA
0x82dd,MI
0x82de,MU
0x82df,ME
0x82e0,MO
0x82e1,YA
0x82e2,YA
0x82e3,YU
0x82e4,YU
0x82e5,YO
0x82e6,YO
0x82e7,RA
0x82e8,RI
0x82e9,RU
0x82ea,RE
0x82eb,RO
0x82ec,WA
0x82ed,WA
0x82ee,WI
0x82ef,WE
0x82f0,WO
0x82f1,NN
0x8340,AA
0x8341,AA
0x8342,II
0x8343,II
0x8344,UU
0x8345,UU
0x8346,EE
0x8347,EE
0x8348,OO
0x8349,OO
0x834a,KA
0x834b,GA
0x834c,KI
0x834d,GI
0x834e,KU
0x834f,GU
0x8350,KE
0x8351,GE
0x8352,KO
0x8353,GO
0x8354,SA
0x8355,ZA
0x8356,SH
0x8357,JI
0x8358,SU
0x8359,ZU
0x835a,SE
0x835b,ZE
0x835c,SO
0x835d,ZO
0x835e,TA
0x835f,DA
0x8360,CH
0x8361,JI
0x8362,
0x8363,TS
0x8364,ZU
0x8365,TE
0x8366,DE
0x8367,TO
0x8368,DO
0x8369,NA
0x836a,NI
0x836b,NU
0x836c,NE
0x836d,NO
0x836e,HA
0x836f,BA
0x8370,PA
0x8371,HI
0x8372,BI
0x8373,PI
0x8374,FU
0x8375,BU
0x8376,PU
0x8377,HE
0x8378,BE
0x8379,PE
0x837a,HO
0x837b,BO
0x837c,PO
0x837d,MA
0x837e,MI
0x837f,
0x8380,MU
0x8381,ME
0x8382,MO
0x8383,YA
0x8384,YA
0x8385,YU
0x8386,YU
0x8387,YO
0x8388,YO
0x8389,RA
0x838a,RI
0x838b,RU
0x838c,RE
0x838d,RO
0x838e,WA
0x838f,WA
0x8390,WI
0x8391,WE
0x8392,WO
0x8393,NN
0x8394,VV
0x8395,KA
0x8396,KU
0x8397,DE
0x8398,DF
0x8399,DG
0x839a,DH
0x839b,DI
0x839c,DJ
0x839d,DK
0x839e,DL
0x839f,DM
0x83a0,DN
0x83a1,DO
0x83a2,DP
0x83a3,DQ
0x83a4,DR
0x83a5,DS
0x83a6,DT
0x83a7,DU
0x83a8,DV
0x83a9,DW
0x83aa,DX
0x83ab,DY
0x83ac,DZ
0x83ad,Da
0x83ae,Db
0x83af,Dc
0x83b0,Dd
0x83b1,De
0x83b2,Df
0x83b3,Dg
0x83b4,Dh
0x83b5,Di
0x83b6,Dj
0x83b7,Dk
0x83b8,Dl
0x83b9,Dm
0x83ba,Dn
0x83bb,Do
0x83bc,Dp
0x83bd,Dq
0x83be,Dr
0x83bf,Ds
0x83c0,Dt
0x83c1,Du
0x83c2,Dv
0x83c3,Dw
0x83c4,Dx
0x83c5,Dy
0x83c6,Dz
0x83c7,D、
0x83c8,D.
0x83c9,D?
0x83ca,D!
0x83cb,D"
0x83cc,D 
0x83cd,EA
0x83ce,EB
0x83cf,EC
0x83d0,ED
0x83d1,EE
0x83d2,EF
0x83d3,EG
0x83d4,EH
0x83d5,EI
0x83d6,EJ
0x8440,
0x8441,
0x8442,
0x8443,
0x8444,
0x8445,
0x8446,#@
0x8447,#+
0x8448,#^
0x8449,#=
0x844a,#<
0x844b,#>
0x844c,#P
0x844d,#S
0x844e,#T
0x844f,
0x8450,
0x8451,
0x8452,#]
0x8453,#L
0x8454,#t
0x8455,#M
0x8456,#B
0x8457,#e
0x8458,#W
0x8459,#h
0x845a,#Y
0x845b,#o
0x845c,#[
0x845d,#~
0x845e,EK
0x845f,EL
0x8460,EM
0x8461,EN
0x8462,EO
0x8463,EP
0x8464,EQ
0x8465,ER
0x8466,ES
0x8467,ET
0x8468,EU
0x8469,EV
0x846a,EW
0x846b,EX
0x846c,EY
0x846d,EZ
0x846e,Ea
0x846f,Eb
0x8470,Ec
0x8471,Ed
0x8472,Ee
0x8473,Ef
0x8474,Eg
0x8475,Eh
0x8476,Ei
0x8477,Ej
0x8478,Ek
0x8479,El
0x847a,Em
0x847b,En
0x847c,Eo
0x847d,Ep
0x847e,Eq
0x847f,Er
0x8480,Es
0x8481,Et
0x8482,Eu
0x8483,Ev
0x8484,Ew
0x8485,Ex
0x8486,Ey
0x8487,Ez
0x8488,E、
0x8489,E.
0x848a,E?
0x848b,E!
0x848c,E"
0x848d,E 
0x848e,FA
0x848f,FB
0x8490,FC
0x8491,FD
0x8492,FE
0x8493,FF
0x8494,FG
0x8495,FH
0x8496,FI
0x8497,FJ
0x8498,FK
0x8499,FL
0x849a,FM
0x849b,FN
0x849c,FO
0x849d,FP
0x849e,FQ
0x849f,FR
0x84a0,FS
0x84a1,FT
0x84a2,FU
0x84a3,FV
0x84a4,FW
0x84a5,FX
0x84a6,FY
0x84a7,FZ
0x84a8,Fa
0x84a9,Fb
0x84aa,Fc
0x84ab,Fd
0x84ac,Fe
0x84ad,Ff
0x84ae,Fg
0x84af,Fh
0x84b0,Fi
0x84b1,Fj
0x84b2,Fk
0x84b3,Fl
0x84b4,Fm
0x84b5,Fn
0x84b6,Fo
0x84b7,Fp
0x84b8,Fq
0x84b9,Fr
0x84ba,Fs
0x84bb,Ft
0x84bc,Fu
0x889f,Fv
0x88a0,Fw
0x88a1,Fx
0x88a2,Fy
0x88a3,Fz
0x88a4,F、
0x88a5,F.
0x88a6,F?
0x88a7,F!
0x88a8,F"
0x88a9,F 
0x88aa,GA
0x88ab,GB
0x88ac,GC
0x88ad,GD
0x88ae,GE
0x88af,GF
0x88b0,GG
0x88b1,GH
0x88b2,GI
0x88b3,GJ
0x88b4,GK
0x88b5,GL
0x88b6,GM
0x88b7,GN
0x88b8,GO
0x88b9,GP
0x88ba,GQ
0x88bb,GR
0x88bc,GS
0x88bd,GT
0x88be,GU
0x88bf,GV
0x88c0,GW
0x88c1,GX
0x88c2,GY
0x88c3,GZ
0x88c4,Ga
0x88c5,Gb
0x88c6,Gc
0x88c7,Gd
0x88c8,Ge
0x88c9,Gf
0x88ca,Gg
0x88cb,Gh
0x88cc,Gi
0x88cd,Gj
0x88ce,Gk
0x88cf,Gl
0x88d0,Gm
0x88d1,Gn
0x88d2,Go
0x88d3,Gp
0x88d4,Gq
0x88d5,Gr
0x88d6,Gs
0x88d7,Gt
0x88d8,Gu
0x88d9,Gv
0x88da,Gw
0x88db,Gx
0x88dc,Gy
0x88dd,Gz
0x88de,G、
0x88df,G.
0x88e0,G?
0x88e1,G!
0x88e2,G"
0x88e3,G 
0x88e4,HA
0x88e5,HB
0x88e6,HC
0x88e7,HD
0x88e8,HE
0x88e9,HF
0x88ea,HG
0x88eb,HH
0x88ec,HI
0x88ed,HJ
0x88ee,HK
0x88ef,HL
0x88f0,HM
0x88f1,HN
0x88f2,HO
0x88f3,HP
0x88f4,HQ
0x88f5,HR
0x88f6,HS
0x88f7,HT
0x88f8,HU
0x88f9,HV
0x88fa,HW
0x88fb,HX
0x88fc,HY
0x88fd,HZ
0x88fe,Ha
0x88ff,Hb
0x8940,Hc
0x8941,Hd
0x8942,He
0x8943,Hf
0x8944,Hg
0x8945,Hh
0x8946,Hi
0x8947,Hj
0x8948,Hk
0x8949,Hl
0x894a,Hm
0x894b,Hn
0x894c,Ho
0x894d,Hp
0x894e,Hq
0x894f,Hr
0x8950,Hs
0x8951,Ht
0x8952,Hu
0x8953,Hv
0x8954,Hw
0x8955,Hx
0x8956,Hy
0x8957,Hz
0x8958,H、
0x8959,H.
0x895a,H?
0x895b,H!
0x895c,H"
0x895d,H 
0x895e,IA
0x895f,IB
0x8960,IC
0x8961,ID
0x8962,IE
0x8963,IF
0x8964,IG
0x8965,IH
0x8966,II
0x8967,IJ
0x8968,IK
0x8969,IL
0x896a,IM
0x896b,IN
0x896c,IO
0x896d,IP
0x896e,IQ
0x896f,IR
0x8970,IS
0x8971,IT
0x8972,IU
0x8973,IV
0x8974,IW
0x8975,IX
0x8976,IY
0x8977,IZ
0x8978,Ia
0x8979,Ib
0x897a,Ic
0x897b,Id
0x897c,Ie
0x897d,If
0x897e,#¥
0x897f,Ig
0x8980,Ih
0x8981,Ii
0x8982,Ij
0x8983,Ik
0x8984,Il
0x8985,Im
0x8986,In
0x8987,Io
0x8988,Ip
0x8989,Iq
0x898a,Ir
0x898b,Is
0x898c,It
0x898d,Iu
0x898e,Iv
0x898f,Iw
0x8990,Ix
0x8991,Iy
0x8992,Iz
0x8993,I、
0x8994,I.
0x8995,I?
0x8996,I!
0x8997,I"
0x8998,I 
0x8999,JA
0x899a,JB
0x899b,JC
0x899c,JD
0x899d,JE
0x899e,JF
0x899f,JG
0x89a0,JH
0x89a1,JI
0x89a2,JJ
0x89a3,JK
0x89a4,JL
0x89a5,JM
0x89a6,JN
0x89a7,JO
0x89a8,JP
0x89a9,JQ
0x89aa,JR
0x89ab,JS
0x89ac,JT
0x89ad,JU
0x89ae,JV
0x89af,JW
0x89b0,JX
0x89b1,JY
0x89b2,JZ
0x89b3,Ja
0x89b4,Jb
0x89b5,Jc
0x89b6,Jd
0x89b7,Je
0x89b8,Jf
0x89b9,Jg
0x89ba,Jh
0x89bb,Ji
0x89bc,Jj
0x89bd,Jk
0x89be,Jl
0x89bf,Jm
0x89c0,Jn
0x89c1,Jo
0x89c2,Jp
0x89c3,Jq
0x89c4,Jr
0x89c5,Js
0x89c6,Jt
0x89c7,Ju
0x89c8,Jv
0x89c9,Jw
0x89ca,Jx
0x89cb,Jy
0x89cc,Jz
0x89cd,J、
0x89ce,J.
0x89cf,J?
0x89d0,J!
0x89d1,J"
0x89d2,J 
0x89d3,KA
0x89d4,KB
0x89d5,KC
0x89d6,KD
0x89d7,KE
0x89d8,KF
0x89d9,KG
0x89da,KH
0x89db,KI
0x89dc,KJ
0x89dd,KK
0x89de,KL
0x89df,KM
0x89e0,KN
0x89e1,KO
0x89e2,KP
0x89e3,KQ
0x89e4,KR
0x89e5,KS
0x89e6,KT
0x89e7,KU
0x89e8,KV
0x89e9,KW
0x89ea,KX
0x89eb,KY
0x89ec,KZ
0x89ed,Ka
0x89ee,Kb
0x89ef,Kc
0x89f0,Kd
0x89f1,Ke
0x89f2,Kf
0x89f3,Kg
0x89f4,Kh
0x89f5,Ki
0x89f6,Kj
0x89f7,Kk
0x89f8,Kl
0x89f9,Km
0x89fa,Kn
0x89fb,Ko
0x89fc,Kp
0x89fd,Kq
0x89fe,Kr
0x89ff,Ks
0x8a40,Kt
0x8a41,Ku
0x8a42,Kv
0x8a43,Kw
0x8a44,Kx
0x8a45,Ky
0x8a46,Kz
0x8a47,K、
0x8a48,K.
0x8a49,K?
0x8a4a,K!
0x8a4b,K"
0x8a4c,K 
0x8a4d,LA
0x8a4e,LB
0x8a4f,LC
0x8a50,LD
0x8a51,LE
0x8a52,LF
0x8a53,LG
0x8a54,LH
0x8a55,LI
0x8a56,LJ
0x8a57,LK
0x8a58,LL
0x8a59,LM
0x8a5a,LN
0x8a5b,LO
0x8a5c,LP
0x8a5d,LQ
0x8a5e,LR
0x8a5f,LS
0x8a60,LT
0x8a61,LU
0x8a62,LV
0x8a63,LW
0x8a64,LX
0x8a65,LY
0x8a66,LZ
0x8a67,La
0x8a68,Lb
0x8a69,Lc
0x8a6a,Ld
0x8a6b,Le
0x8a6c,Lf
0x8a6d,Lg
0x8a6e,Lh
0x8a6f,Li
0x8a70,Lj
0x8a71,Lk
0x8a72,Ll
0x8a73,Lm
0x8a74,Ln
0x8a75,Lo
0x8a76,Lp
0x8a77,Lq
0x8a78,Lr
0x8a79,Ls
0x8a7a,Lt
0x8a7b,Lu
0x8a7c,Lv
0x8a7d,Lw
0x8a7e,Lx
0x8a7f,Ly
0x8a80,Lz
0x8a81,L、
0x8a82,L.
0x8a83,L?
0x8a84,L!
0x8a85,L"
0x8a86,L 
0x8a87,MA
0x8a88,MB
0x8a89,MC
0x8a8a,MD
0x8a8b,ME
0x8a8c,MF
0x8a8d,MG
0x8a8e,MH
0x8a8f,MI
0x8a90,MJ
0x8a91,MK
0x8a92,ML
0x8a93,MM
0x8a94,MN
0x8a95,MO
0x8a96,MP
0x8a97,MQ
0x8a98,MR
0x8a99,MS
0x8a9a,MT
0x8a9b,MU
0x8a9c,MV
0x8a9d,MW
0x8a9e,MX
0x8a9f,MY
0x8aa0,MZ
0x8aa1,Ma
0x8aa2,Mb
0x8aa3,Mc
0x8aa4,Md
0x8aa5,Me
0x8aa6,Mf
0x8aa7,Mg
0x8aa8,Mh
0x8aa9,Mi
0x8aaa,Mj
0x8aab,Mk
0x8aac,Ml
0x8aad,Mm
0x8aae,Mn
0x8aaf,Mo
0x8ab0,Mp
0x8ab1,Mq
0x8ab2,Mr
0x8ab3,Ms
0x8ab4,Mt
0x8ab5,Mu
0x8ab6,Mv
0x8ab7,Mw
0x8ab8,Mx
0x8ab9,My
0x8aba,Mz
0x8abb,M、
0x8abc,M.
0x8abd,M?
0x8abe,M!
0x8abf,M"
0x8ac0,M 
0x8ac1,NA
0x8ac2,NB
0x8ac3,NC
0x8ac4,ND
0x8ac5,NE
0x8ac6,NF
0x8ac7,NG
0x8ac8,NH
0x8ac9,NI
0x8aca,NJ
0x8acb,NK
0x8acc,NL
0x8acd,NM
0x8ace,NN
0x8acf,NO
0x8ad0,NP
0x8ad1,NQ
0x8ad2,NR
0x8ad3,NS
0x8ad4,NT
0x8ad5,NU
0x8ad6,NV
0x8ad7,NW
0x8ad8,NX
0x8ad9,NY
0x8ada,NZ
0x8adb,Na
0x8adc,Nb
0x8add,Nc
0x8ade,Nd
0x8adf,Ne
0x8ae0,Nf
0x8ae1,Ng
0x8ae2,Nh
0x8ae3,Ni
0x8ae4,Nj
0x8ae5,Nk
0x8ae6,Nl
0x8ae7,Nm
0x8ae8,Nn
0x8ae9,No
0x8aea,Np
0x8aeb,Nq
0x8aec,Nr
0x8aed,Ns
0x8aee,Nt
0x8aef,Nu
0x8af0,Nv
0x8af1,Nw
0x8af2,Nx
0x8af3,Ny
0x8af4,Nz
0x8af5,N、
0x8af6,N.
0x8af7,N?
0x8af8,N!
0x8af9,N"
0x8afa,N 
0x8afb,OA
0x8afc,OB
0x8afd,OC
0x8afe,OD
0x8aff,OE
0x8b40,OF
0x8b41,OG
0x8b42,OH
0x8b43,OI
0x8b44,OJ
0x8b45,OK
0x8b46,OL
0x8b47,OM
0x8b48,ON
0x8b49,OO
0x8b4a,OP
0x8b4b,OQ
0x8b4c,OR
0x8b4d,OS
0x8b4e,OT
0x8b4f,OU
0x8b50,OV
0x8b51,OW
0x8b52,OX
0x8b53,OY
0x8b54,OZ
0x8b55,Oa
0x8b56,Ob
0x8b57,Oc
0x8b58,Od
0x8b59,Oe
0x8b5a,Of
0x8b5b,Og
0x8b5c,Oh
0x8b5d,Oi
0x8b5e,Oj
0x8b5f,Ok
0x8b60,Ol
0x8b61,Om
0x8b62,On
0x8b63,Oo
0x8b64,Op
0x8b65,Oq
0x8b66,Or
0x8b67,Os
0x8b68,Ot
0x8b69,Ou
0x8b6a,Ov
0x8b6b,Ow
0x8b6c,Ox
0x8b6d,Oy
0x8b6e,Oz
0x8b6f,O、
0x8b70,O.
0x8b71,O?
0x8b72,O!
0x8b73,O"
0x8b74,O 
0x8b75,PA
0x8b76,PB
0x8b77,PC
0x8b78,PD
0x8b79,PE
0x8b7a,PF
0x8b7b,PG
0x8b7c,PH
0x8b7d,PI
0x8b7e,PJ
0x8b7f,PK
0x8b80,PL
0x8b81,PM
0x8b82,PN
0x8b83,PO
0x8b84,PP
0x8b85,PQ
0x8b86,PR
0x8b87,PS
0x8b88,PT
0x8b89,PU
0x8b8a,PV
0x8b8b,PW
0x8b8c,PX
0x8b8d,PY
0x8b8e,PZ
0x8b8f,Pa
0x8b90,Pb
0x8b91,Pc
0x8b92,Pd
0x8b93,Pe
0x8b94,Pf
0x8b95,Pg
0x8b96,Ph
0x8b97,Pi
0x8b98,Pj
0x8b99,Pk
0x8b9a,Pl
0x8b9b,Pm
0x8b9c,Pn
0x8b9d,Po
0x8b9e,Pp
0x8b9f,Pq
0x8ba0,Pr
0x8ba1,Ps
0x8ba2,Pt
0x8ba3,Pu
0x8ba4,Pv
0x8ba5,Pw
0x8ba6,Px
0x8ba7,Py
0x8ba8,Pz
0x8ba9,P、
0x8baa,P.
0x8bab,P?
0x8bac,P!
0x8bad,P"
0x8bae,P 
0x8baf,QA
0x8bb0,QB
0x8bb1,QC
0x8bb2,QD
0x8bb3,QE
0x8bb4,QF
0x8bb5,QG
0x8bb6,QH
0x8bb7,QI
0x8bb8,QJ
0x8bb9,QK
0x8bba,QL
0x8bbb,QM
0x8bbc,QN
0x8bbd,QO
0x8bbe,QP
0x8bbf,QQ
0x8bc0,QR
0x8bc1,QS
0x8bc2,QT
0x8bc3,QU
0x8bc4,QV
0x8bc5,QW
0x8bc6,QX
0x8bc7,QY
0x8bc8,QZ
0x8bc9,Qa
0x8bca,Qb
0x8bcb,Qc
0x8bcc,Qd
0x8bcd,Qe
0x8bce,Qf
0x8bcf,Qg
0x8bd0,Qh
0x8bd1,Qi
0x8bd2,Qj
0x8bd3,Qk
0x8bd4,Ql
0x8bd5,Qm
0x8bd6,Qn
0x8bd7,Qo
0x8bd8,Qp
0x8bd9,Qq
0x8bda,Qr
0x8bdb,Qs
0x8bdc,Qt
0x8bdd,Qu
0x8bde,Qv
0x8bdf,Qw
0x8be0,Qx
0x8be1,Qy
0x8be2,BR
0x8be3,Q、
0x8be4,Q.
0x8be5,Q?
0x8be6,Q!
0x8be7,Q"
0x8be8,Q 
0x8be9,RA
0x8bea,RB
0x8beb,RC
0x8bec,RD
0x8bed,RE
0x8bee,RF
0x8bef,RG
0x8bf0,RH
0x8bf1,RI
0x8bf2,RJ
0x8bf3,RK
0x8bf4,RL
0x8bf5,RM
0x8bf6,RN
0x8bf7,RO
0x8bf8,RP
0x8bf9,RQ
0x8bfa,RR
0x8bfb,RS
0x8bfc,RT
0x8bfd,RU
0x8bfe,RV
0x8bff,RW
0x8c40,RX
0x8c41,RY
0x8c42,RZ
0x8c43,Ra
0x8c44,Rb
0x8c45,Rc
0x8c46,Rd
0x8c47,Re
0x8c48,Rf
0x8c49,Rg
0x8c4a,Rh
0x8c4b,Ri
0x8c4c,Rj
0x8c4d,Rk
0x8c4e,Rl
0x8c4f,Rm
0x8c50,Rn
0x8c51,Ro
0x8c52,Rp
0x8c53,Rq
0x8c54,Rr
0x8c55,Rs
0x8c56,Rt
0x8c57,Ru
0x8c58,Rv
0x8c59,Rw
0x8c5a,Rx
0x8c5b,Ry
0x8c5c,Rz
0x8c5d,R、
0x8c5e,R.
0x8c5f,R?
0x8c60,R!
0x8c61,R"
0x8c62,R 
0x8c63,SA
0x8c64,SB
0x8c65,SC
0x8c66,SD
0x8c67,SE
0x8c68,SF
0x8c69,SG
0x8c6a,SH
0x8c6b,SI
0x8c6c,SJ
0x8c6d,SK
0x8c6e,SL
0x8c6f,SM
0x8c70,SN
0x8c71,SO
0x8c72,SP
0x8c73,SQ
0x8c74,SR
0x8c75,SS
0x8c76,ST
0x8c77,SU
0x8c78,SV
0x8c79,SW
0x8c7a,SX
0x8c7b,SY
0x8c7c,SZ
0x8c7d,Sa
0x8c7e,Sb
0x8c7f,Sc
0x8c80,Sd
0x8c81,Se
0x8c82,Sf
0x8c83,Sg
0x8c84,Sh
0x8c85,Si
0x8c86,Sj
0x8c87,Sk
0x8c88,Sl
0x8c89,Sm
0x8c8a,Sn
0x8c8b,So
0x8c8c,Sp
0x8c8d,Sq
0x8c8e,Sr
0x8c8f,Ss
0x8c90,St
0x8c91,Su
0x8c92,Sv
0x8c93,Sw
0x8c94,Sx
0x8c95,Sy
0x8c96,Sz
0x8c97,S、
0x8c98,S.
0x8c99,S?
0x8c9a,S!
0x8c9b,S"
0x8c9c,S 
0x8c9d,TA
0x8c9e,TB
0x8c9f,TC
0x8ca0,TD
0x8ca1,TE
0x8ca2,TF
0x8ca3,TG
0x8ca4,TH
0x8ca5,TI
0x8ca6,TJ
0x8ca7,TK
0x8ca8,TL
0x8ca9,TM
0x8caa,TN
0x8cab,TO
0x8cac,TP
0x8cad,TQ
0x8cae,TR
0x8caf,TS
0x8cb0,TT
0x8cb1,TU
0x8cb2,TV
0x8cb3,TW
0x8cb4,TX
0x8cb5,TY
0x8cb6,TZ
0x8cb7,Ta
0x8cb8,Tb
0x8cb9,Tc
0x8cba,Td
0x8cbb,Te
0x8cbc,Tf
0x8cbd,Tg
0x8cbe,Th
0x8cbf,Ti
0x8cc0,Tj
0x8cc1,Tk
0x8cc2,Tl
0x8cc3,Tm
0x8cc4,Tn
0x8cc5,To
0x8cc6,Tp
0x8cc7,Tq
0x8cc8,Tr
0x8cc9,Ts
0x8cca,Tt
0x8ccb,Tu
0x8ccc,Tv
0x8ccd,Tw
0x8cce,Tx
0x8ccf,Ty
0x8cd0,Tz
0x8cd1,T、
0x8cd2,T.
0x8cd3,T?
0x8cd4,T!
0x8cd5,T"
0x8cd6,T 
0x8cd7,UA
0x8cd8,UB
0x8cd9,UC
0x8cda,UD
0x8cdb,UE
0x8cdc,UF
0x8cdd,UG
0x8cde,UH
0x8cdf,UI
0x8ce0,UJ
0x8ce1,UK
0x8ce2,UL
0x8ce3,UM
0x8ce4,UN
0x8ce5,UO
0x8ce6,UP
0x8ce7,UQ
0x8ce8,UR
0x8ce9,US
0x8cea,UT
0x8ceb,UU
0x8cec,UV
0x8ced,UW
0x8cee,UX
0x8cef,UY
0x8cf0,UZ
0x8cf1,Ua
0x8cf2,Ub
0x8cf3,Uc
0x8cf4,Ud
0x8cf5,Ue
0x8cf6,Uf
0x8cf7,Ug
0x8cf8,Uh
0x8cf9,Ui
0x8cfa,Uj
0x8cfb,Uk
0x8cfc,Ul
0x8cfd,Um
0x8cfe,Un
0x8cff,Uo
0x8d40,Up
0x8d41,Uq
0x8d42,Ur
0x8d43,Us
0x8d44,Ut
0x8d45,Uu
0x8d46,Uv
0x8d47,Uw
0x8d48,Ux
0x8d49,Uy
0x8d4a,Uz
0x8d4b,U、
0x8d4c,U.
0x8d4d,U?
0x8d4e,U!
0x8d4f,U"
0x8d50,U 
0x8d51,VA
0x8d52,VB
0x8d53,VC
0x8d54,VD
0x8d55,VE
0x8d56,VF
0x8d57,VG
0x8d58,VH
0x8d59,VI
0x8d5a,VJ
0x8d5b,VK
0x8d5c,VL
0x8d5d,VM
0x8d5e,VN
0x8d5f,VO
0x8d60,VP
0x8d61,VQ
0x8d62,VR
0x8d63,VS
0x8d64,VT
0x8d65,VU
0x8d66,VV
0x8d67,VW
0x8d68,VX
0x8d69,VY
0x8d6a,VZ
0x8d6b,Va
0x8d6c,Vb
0x8d6d,Vc
0x8d6e,Vd
0x8d6f,Ve
0x8d70,Vf
0x8d71,Vg
0x8d72,Vh
0x8d73,Vi
0x8d74,Vj
0x8d75,Vk
0x8d76,Vl
0x8d77,Vm
0x8d78,Vn
0x8d79,Vo
0x8d7a,Vp
0x8d7b,Vq
0x8d7c,Vr
0x8d7d,Vs
0x8d7e,Vt
0x8d7f,Vu
0x8d80,Vv
0x8d81,Vw
0x8d82,Vx
0x8d83,Vy
0x8d84,Vz
0x8d85,V、
0x8d86,V.
0x8d87,V?
0x8d88,V!
0x8d89,V"
0x8d8a,V 
0x8d8b,WA
0x8d8c,WB
0x8d8d,WC
0x8d8e,WD
0x8d8f,WE
0x8d90,WF
0x8d91,WG
0x8d92,WH
0x8d93,WI
0x8d94,WJ
0x8d95,WK
0x8d96,WL
0x8d97,WM
0x8d98,WN
0x8d99,WO
0x8d9a,WP
0x8d9b,WQ
0x8d9c,WR
0x8d9d,WS
0x8d9e,WT
0x8d9f,WU
0x8da0,WV
0x8da1,WW
0x8da2,WX
0x8da3,WY
0x8da4,WZ
0x8da5,Wa
0x8da6,Wb
0x8da7,Wc
0x8da8,Wd
0x8da9,We
0x8daa,Wf
0x8dab,Wg
0x8dac,Wh
0x8dad,Wi
0x8dae,Wj
0x8daf,Wk
0x8db0,Wl
0x8db1,Wm
0x8db2,Wn
0x8db3,Wo
0x8db4,Wp
0x8db5,Wq
0x8db6,Wr
0x8db7,Ws
0x8db8,Wt
0x8db9,Wu
0x8dba,Wv
0x8dbb,Ww
0x8dbc,Wx
0x8dbd,Wy
0x8dbe,Wz
0x8dbf,W、
0x8dc0,W.
0x8dc1,W?
0x8dc2,W!
0x8dc3,W"
0x8dc4,W 
0x8dc5,XA
0x8dc6,XB
0x8dc7,XC
0x8dc8,XD
0x8dc9,XE
0x8dca,XF
0x8dcb,XG
0x8dcc,XH
0x8dcd,XI
0x8dce,XJ
0x8dcf,XK
0x8dd0,XL
0x8dd1,XM
0x8dd2,XN
0x8dd3,XO
0x8dd4,XP
0x8dd5,XQ
0x8dd6,XR
0x8dd7,XS
0x8dd8,XT
0x8dd9,XU
0x8dda,XV
0x8ddb,XW
0x8ddc,XX
0x8ddd,XY
0x8dde,XZ
0x8ddf,Xa
0x8de0,Xb
0x8de1,Xc
0x8de2,Xd
0x8de3,Xe
0x8de4,Xf
0x8de5,Xg
0x8de6,Xh
0x8de7,Xi
0x8de8,Xj
0x8de9,Xk
0x8dea,Xl
0x8deb,Xm
0x8dec,Xn
0x8ded,Xo
0x8dee,Xp
0x8def,Xq
0x8df0,Xr
0x8df1,Xs
0x8df2,Xt
0x8df3,Xu
0x8df4,Xv
0x8df5,Xw
0x8df6,Xx
0x8df7,Xy
0x8df8,Xz
0x8df9,X、
0x8dfa,X.
0x8dfb,X?
0x8dfc,X!
0x8dfd,X"
0x8dfe,X 
0x8dff,YA
0x8e40,YB
0x8e41,YC
0x8e42,YD
0x8e43,YE
0x8e44,YF
0x8e45,YG
0x8e46,YH
0x8e47,YI
0x8e48,YJ
0x8e49,YK
0x8e4a,YL
0x8e4b,YM
0x8e4c,YN
0x8e4d,YO
0x8e4e,YP
0x8e4f,YQ
0x8e50,YR
0x8e51,YS
0x8e52,YT
0x8e53,YU
0x8e54,YV
0x8e55,YW
0x8e56,YX
0x8e57,YY
0x8e58,YZ
0x8e59,Ya
0x8e5a,Yb
0x8e5b,Yc
0x8e5c,Yd
0x8e5d,Ye
0x8e5e,Yf
0x8e5f,Yg
0x8e60,Yh
0x8e61,Yi
0x8e62,Yj
0x8e63,Yk
0x8e64,Yl
0x8e65,Ym
0x8e66,Yn
0x8e67,Yo
0x8e68,Yp
0x8e69,Yq
0x8e6a,Yr
0x8e6b,Ys
0x8e6c,Yt
0x8e6d,Yu
0x8e6e,Yv
0x8e6f,Yw
0x8e70,Yx
0x8e71,Yy
0x8e72,Yz
0x8e73,Y、
0x8e74,Y.
0x8e75,Y?
0x8e76,Y!
0x8e77,Y"
0x8e78,Y 
0x8e79,ZA
0x8e7a,ZB
0x8e7b,ZC
0x8e7c,ZD
0x8e7d,ZE
0x8e7e,ZF
0x8e7f,ZG
0x8e80,ZH
0x8e81,ZI
0x8e82,ZJ
0x8e83,ZK
0x8e84,ZL
0x8e85,ZM
0x8e86,ZN
0x8e87,ZO
0x8e88,ZP
0x8e89,ZQ
0x8e8a,ZR
0x8e8b,ZS
0x8e8c,ZT
0x8e8d,ZU
0x8e8e,ZV
0x8e8f,ZW
0x8e90,ZX
0x8e91,ZY
0x8e92,ZZ
0x8e93,Za
0x8e94,Zb
0x8e95,Zc
0x8e96,Zd
0x8e97,Ze
0x8e98,Zf
0x8e99,Zg
0x8e9a,Zh
0x8e9b,Zi
0x8e9c,Zj
0x8e9d,Zk
0x8e9e,Zl
0x8e9f,Zm
0x8ea0,Zn
0x8ea1,Zo
0x8ea2,Zp
0x8ea3,Zq
0x8ea4,Zr
0x8ea5,Zs
0x8ea6,Zt
0x8ea7,Zu
0x8ea8,Zv
0x8ea9,Zw
0x8eaa,Zx
0x8eab,Zy
0x8eac,Zz
0x8ead,Z、
0x8eae,Z.
0x8eaf,Z?
0x8eb0,Z!
0x8eb1,Z"
0x8eb2,Z 
0x8eb3,aA
0x8eb4,aB
0x8eb5,aC
0x8eb6,aD
0x8eb7,aE
0x8eb8,aF
0x8eb9,aG
0x8eba,aH
0x8ebb,aI
0x8ebc,aJ
0x8ebd,aK
0x8ebe,aL
0x8ebf,aM
0x8ec0,aN
0x8ec1,aO
0x8ec2,aP
0x8ec3,aQ
0x8ec4,aR
0x8ec5,aS
0x8ec6,aT
0x8ec7,aU
0x8ec8,aV
0x8ec9,aW
0x8eca,aX
0x8ecb,aY
0x8ecc,aZ
0x8ecd,aa
0x8ece,ab
0x8ecf,ac
0x8ed0,ad
0x8ed1,ae
0x8ed2,af
0x8ed3,ag
0x8ed4,ah
0x8ed5,ai
0x8ed6,aj
0x8ed7,ak
0x8ed8,al
0x8ed9,am
0x8eda,an
0x8edb,ao
0x8edc,ap
0x8edd,aq
0x8ede,ar
0x8edf,as
0x8ee0,at
0x8ee1,au
0x8ee2,av
0x8ee3,aw
0x8ee4,ax
0x8ee5,ay
0x8ee6,az
0x8ee7,a、
0x8ee8,a.
0x8ee9,a?
0x8eea,a!
0x8eeb,a"
0x8eec,a 
0x8eed,bA
0x8eee,bB
0x8eef,bC
0x8ef0,bD
0x8ef1,bE
0x8ef2,bF
0x8ef3,bG
0x8ef4,bH
0x8ef5,bI
0x8ef6,bJ
0x8ef7,bK
0x8ef8,bL
0x8ef9,bM
0x8efa,bN
0x8efb,bO
0x8efc,bP
0x8efd,bQ
0x8efe,bR
0x8eff,bS
0x8f40,bT
0x8f41,bU
0x8f42,bV
0x8f43,bW
0x8f44,bX
0x8f45,bY
0x8f46,bZ
0x8f47,ba
0x8f48,bb
0x8f49,bc
0x8f4a,bd
0x8f4b,be
0x8f4c,bf
0x8f4d,bg
0x8f4e,bh
0x8f4f,bi
0x8f50,bj
0x8f51,bk
0x8f52,bl
0x8f53,bm
0x8f54,bn
0x8f55,bo
0x8f56,bp
0x8f57,bq
0x8f58,br
0x8f59,bs
0x8f5a,bt
0x8f5b,bu
0x8f5c,bv
0x8f5d,bw
0x8f5e,bx
0x8f5f,by
0x8f60,bz
0x8f61,b、
0x8f62,b.
0x8f63,b?
0x8f64,b!
0x8f65,b"
0x8f66,b 
0x8f67,cA
0x8f68,cB
0x8f69,cC
0x8f6a,cD
0x8f6b,cE
0x8f6c,cF
0x8f6d,cG
0x8f6e,cH
0x8f6f,cI
0x8f70,cJ
0x8f71,cK
0x8f72,cL
0x8f73,cM
0x8f74,cN
0x8f75,cO
0x8f76,cP
0x8f77,cQ
0x8f78,cR
0x8f79,cS
0x8f7a,cT
0x8f7b,cU
0x8f7c,cV
0x8f7d,cW
0x8f7e,cX
0x8f7f,cY
0x8f80,cZ
0x8f81,ca
0x8f82,cb
0x8f83,cc
0x8f84,cd
0x8f85,ce
0x8f86,cf
0x8f87,cg
0x8f88,ch
0x8f89,ci
0x8f8a,cj
0x8f8b,ck
0x8f8c,cl
0x8f8d,cm
0x8f8e,cn
0x8f8f,co
0x8f90,cp
0x8f91,cq
0x8f92,cr
0x8f93,cs
0x8f94,ct
0x8f95,cu
0x8f96,cv
0x8f97,cw
0x8f98,cx
0x8f99,cy
0x8f9a,cz
0x8f9b,c、
0x8f9c,c.
0x8f9d,c?
0x8f9e,c!
0x8f9f,c"
0x8fa0,c 
0x8fa1,dA
0x8fa2,dB
0x8fa3,dC
0x8fa4,dD
0x8fa5,dE
0x8fa6,dF
0x8fa7,dG
0x8fa8,dH
0x8fa9,dI
0x8faa,dJ
0x8fab,dK
0x8fac,dL
0x8fad,dM
0x8fae,dN
0x8faf,dO
0x8fb0,dP
0x8fb1,dQ
0x8fb2,dR
0x8fb3,dS
0x8fb4,dT
0x8fb5,dU
0x8fb6,dV
0x8fb7,dW
0x8fb8,dX
0x8fb9,dY
0x8fba,dZ
0x8fbb,da
0x8fbc,db
0x8fbd,dc
0x8fbe,dd
0x8fbf,de
0x8fc0,df
0x8fc1,dg
0x8fc2,dh
0x8fc3,di
0x8fc4,dj
0x8fc5,dk
0x8fc6,dl
0x8fc7,dm
0x8fc8,dn
0x8fc9,do
0x8fca,dp
0x8fcb,dq
0x8fcc,dr
0x8fcd,ds
0x8fce,dt
0x8fcf,du
0x8fd0,dv
0x8fd1,dw
0x8fd2,dx
0x8fd3,dy
0x8fd4,dz
0x8fd5,d、
0x8fd6,d.
0x8fd7,d?
0x8fd8,d!
0x8fd9,d"
0x8fda,d 
0x8fdb,eA
0x8fdc,eB
0x8fdd,eC
0x8fde,eD
0x8fdf,eE
0x8fe0,eF
0x8fe1,eG
0x8fe2,eH
0x8fe3,eI
0x8fe4,eJ
0x8fe5,eK
0x8fe6,eL
0x8fe7,eM
0x8fe8,eN
0x8fe9,eO
0x8fea,eP
0x8feb,eQ
0x8fec,eR
0x8fed,eS
0x8fee,eT
0x8fef,eU
0x8ff0,eV
0x8ff1,eW
0x8ff2,eX
0x8ff3,eY
0x8ff4,eZ
0x8ff5,ea
0x8ff6,eb
0x8ff7,ec
0x8ff8,ed
0x8ff9,ee
0x8ffa,ef
0x8ffb,eg
0x8ffc,eh
0x8ffd,ei
0x8ffe,ej
0x8fff,ek
0x9040,el
0x9041,em
0x9042,en
0x9043,eo
0x9044,ep
0x9045,eq
0x9046,er
0x9047,es
0x9048,et
0x9049,eu
0x904a,ev
0x904b,ew
0x904c,ex
0x904d,ey
0x904e,ez
0x904f,e、
0x9050,e.
0x9051,e?
0x9052,e!
0x9053,e"
0x9054,e 
0x9055,fA
0x9056,fB
0x9057,fC
0x9058,fD
0x9059,fE
0x905a,fF
0x905b,fG
0x905c,fH
0x905d,fI
0x905e,fJ
0x905f,fK
0x9060,fL
0x9061,fM
0x9062,fN
0x9063,fO
0x9064,fP
0x9065,fQ
0x9066,fR
0x9067,fS
0x9068,fT
0x9069,fU
0x906a,fV
0x906b,fW
0x906c,fX
0x906d,fY
0x906e,fZ
0x906f,fa
0x9070,fb
0x9071,fc
0x9072,fd
0x9073,fe
0x9074,ff
0x9075,fg
0x9076,fh
0x9077,fi
0x9078,fj
0x9079,fk
0x907a,fl
0x907b,fm
0x907c,fn
0x907d,fo
0x907e,fp
0x907f,fq
0x9080,fr
0x9081,fs
0x9082,ft
0x9083,fu
0x9084,fv
0x9085,fw
0x9086,fx
0x9087,fy
0x9088,fz
0x9089,f、
0x908a,f.
0x908b,f?
0x908c,f!
0x908d,f"
0x908e,f 
0x908f,gA
0x9090,gB
0x9091,gC
0x9092,gD
0x9093,gE
0x9094,gF
0x9095,gG
0x9096,gH
0x9097,gI
0x9098,gJ
0x9099,gK
0x909a,gL
0x909b,gM
0x909c,gN
0x909d,gO
0x909e,gP
0x909f,gQ
0x90a0,gR
0x90a1,gS
0x90a2,gT
0x90a3,gU
0x90a4,gV
0x90a5,gW
0x90a6,gX
0x90a7,gY
0x90a8,gZ
0x90a9,ga
0x90aa,gb
0x90ab,gc
0x90ac,gd
0x90ad,ge
0x90ae,gf
0x90af,gg
0x90b0,gh
0x90b1,gi
0x90b2,gj
0x90b3,gk
0x90b4,gl
0x90b5,gm
0x90b6,gn
0x90b7,go
0x90b8,gp
0x90b9,gq
0x90ba,gr
0x90bb,gs
0x90bc,gt
0x90bd,gu
0x90be,gv
0x90bf,gw
0x90c0,gx
0x90c1,gy
0x90c2,gz
0x90c3,g、
0x90c4,g.
0x90c5,g?
0x90c6,g!
0x90c7,g"
0x90c8,g 
0x90c9,hA
0x90ca,hB
0x90cb,hC
0x90cc,hD
0x90cd,hE
0x90ce,hF
0x90cf,hG
0x90d0,hH
0x90d1,hI
0x90d2,hJ
0x90d3,hK
0x90d4,hL
0x90d5,hM
0x90d6,hN
0x90d7,hO
0x90d8,hP
0x90d9,hQ
0x90da,hR
0x90db,hS
0x90dc,hT
0x90dd,hU
0x90de,hV
0x90df,hW
0x90e0,hX
0x90e1,hY
0x90e2,hZ
0x90e3,ha
0x90e4,hb
0x90e5,hc
0x90e6,hd
0x90e7,he
0x90e8,hf
0x90e9,hg
0x90ea,hh
0x90eb,hi
0x90ec,hj
0x90ed,hk
0x90ee,hl
0x90ef,hm
0x90f0,hn
0x90f1,ho
0x90f2,hp
0x90f3,hq
0x90f4,hr
0x90f5,hs
0x90f6,ht
0x90f7,hu
0x90f8,hv
0x90f9,hw
0x90fa,hx
0x90fb,hy
0x90fc,hz
0x90fd,h、
0x90fe,h.
0x90ff,h?
0x9140,h!
0x9141,h"
0x9142,h 
0x9143,iA
0x9144,iB
0x9145,iC
0x9146,iD
0x9147,iE
0x9148,iF
0x9149,iG
0x914a,iH
0x914b,iI
0x914c,iJ
0x914d,iK
0x914e,iL
0x914f,iM
0x9150,iN
0x9151,iO
0x9152,iP
0x9153,iQ
0x9154,iR
0x9155,iS
0x9156,iT
0x9157,iU
0x9158,iV
0x9159,iW
0x915a,iX
0x915b,iY
0x915c,iZ
0x915d,ia
0x915e,ib
0x915f,ic
0x9160,id
0x9161,ie
0x9162,if
0x9163,ig
0x9164,ih
0x9165,ii
0x9166,ij
0x9167,ik
0x9168,il
0x9169,im
0x916a,in
0x916b,io
0x916c,ip
0x916d,iq
0x916e,ir
0x916f,is
0x9170,it
0x9171,iu
0x9172,iv
0x9173,iw
0x9174,ix
0x9175,iy
0x9176,iz
0x9177,i、
0x9178,i.
0x9179,i?
0x917a,i!
0x917b,i"
0x917c,i 
0x917d,jA
0x917e,jB
0x917f,jC
0x9180,jD
0x9181,jE
0x9182,jF
0x9183,jG
0x9184,jH
0x9185,jI
0x9186,jJ
0x9187,jK
0x9188,jL
0x9189,jM
0x918a,jN
0x918b,jO
0x918c,jP
0x918d,jQ
0x918e,jR
0x918f,jS
0x9190,jT
0x9191,jU
0x9192,jV
0x9193,jW
0x9194,jX
0x9195,jY
0x9196,jZ
0x9197,ja
0x9198,jb
0x9199,jc
0x919a,jd
0x919b,je
0x919c,jf
0x919d,jg
0x919e,jh
0x919f,ji
0x91a0,jj
0x91a1,jk
0x91a2,jl
0x91a3,jm
0x91a4,jn
0x91a5,jo
0x91a6,jp
0x91a7,jq
0x91a8,jr
0x91a9,js
0x91aa,jt
0x91ab,ju
0x91ac,jv
0x91ad,jw
0x91ae,jx
0x91af,jy
0x91b0,jz
0x91b1,j、
0x91b2,j.
0x91b3,j?
0x91b4,j!
0x91b5,j"
0x91b6,j 
0x91b7,kA
0x91b8,kB
0x91b9,kC
0x91ba,kD
0x91bb,kE
0x91bc,kF
0x91bd,kG
0x91be,kH
0x91bf,kI
0x91c0,kJ
0x91c1,kK
0x91c2,kL
0x91c3,kM
0x91c4,kN
0x91c5,kO
0x91c6,kP
0x91c7,kQ
0x91c8,kR
0x91c9,kS
0x91ca,kT
0x91cb,kU
0x91cc,kV
0x91cd,kW
0x91ce,kX
0x91cf,kY
0x91d0,kZ
0x91d1,ka
0x91d2,kb
0x91d3,kc
0x91d4,kd
0x91d5,ke
0x91d6,kf
0x91d7,kg
0x91d8,kh
0x91d9,ki
0x91da,kj
0x91db,kk
0x91dc,kl
0x91dd,km
0x91de,kn
0x91df,ko
0x91e0,kp
0x91e1,kq
0x91e2,kr
0x91e3,ks
0x91e4,kt
0x91e5,ku
0x91e6,kv
0x91e7,kw
0x91e8,kx
0x91e9,ky
0x91ea,kz
0x91eb,k、
0x91ec,k.
0x91ed,k?
0x91ee,k!
0x91ef,k"
0x91f0,k 
0x91f1,lA
0x91f2,lB
0x91f3,lC
0x91f4,lD
0x91f5,lE
0x91f6,lF
0x91f7,lG
0x91f8,lH
0x91f9,lI
0x91fa,lJ
0x91fb,lK
0x91fc,lL
0x91fd,lM
0x91fe,lN
0x91ff,lO
0x9240,lP
0x9241,lQ
0x9242,lR
0x9243,lS
0x9244,lT
0x9245,lU
0x9246,lV
0x9247,lW
0x9248,lX
0x9249,lY
0x924a,lZ
0x924b,la
0x924c,lb
0x924d,lc
0x924e,ld
0x924f,le
0x9250,lf
0x9251,lg
0x9252,lh
0x9253,li
0x9254,lj
0x9255,lk
0x9256,ll
0x9257,lm
0x9258,ln
0x9259,lo
0x925a,lp
0x925b,lq
0x925c,lr
0x925d,ls
0x925e,lt
0x925f,lu
0x9260,lv
0x9261,lw
0x9262,lx
0x9263,ly
0x9264,lz
0x9265,l、
0x9266,l.
0x9267,l?
0x9268,l!
0x9269,l"
0x926a,l 
0x926b,mA
0x926c,mB
0x926d,mC
0x926e,mD
0x926f,mE
0x9270,mF
0x9271,mG
0x9272,mH
0x9273,mI
0x9274,mJ
0x9275,mK
0x9276,mL
0x9277,mM
0x9278,mN
0x9279,mO
0x927a,mP
0x927b,mQ
0x927c,mR
0x927d,mS
0x927e,mT
0x927f,mU
0x9280,mV
0x9281,mW
0x9282,mX
0x9283,mY
0x9284,mZ
0x9285,ma
0x9286,mb
0x9287,mc
0x9288,md
0x9289,me
0x928a,mf
0x928b,mg
0x928c,mh
0x928d,mi
0x928e,mj
0x928f,mk
0x9290,ml
0x9291,mm
0x9292,mn
0x9293,mo
0x9294,mp
0x9295,mq
0x9296,mr
0x9297,ms
0x9298,mt
0x9299,mu
0x929a,mv
0x929b,mw
0x929c,mx
0x929d,my
0x929e,mz
0x929f,m、
0x92a0,m.
0x92a1,m?
0x92a2,m!
0x92a3,m"
0x92a4,m 
0x92a5,nA
0x92a6,nB
0x92a7,nC
0x92a8,nD
0x92a9,nE
0x92aa,nF
0x92ab,nG
0x92ac,nH
0x92ad,nI
0x92ae,nJ
0x92af,nK
0x92b0,nL
0x92b1,nM
0x92b2,nN
0x92b3,nO
0x92b4,nP
0x92b5,nQ
0x92b6,nR
0x92b7,nS
0x92b8,nT
0x92b9,nU
0x92ba,nV
0x92bb,nW
0x92bc,nX
0x92bd,nY
0x92be,nZ
0x92bf,na
0x92c0,nb
0x92c1,nc
0x92c2,nd
0x92c3,ne
0x92c4,nf
0x92c5,ng
0x92c6,nh
0x92c7,ni
0x92c8,nj
0x92c9,nk
0x92ca,nl
0x92cb,nm
0x92cc,nn
0x92cd,no
0x92ce,np
0x92cf,nq
0x92d0,nr
0x92d1,ns
0x92d2,nt
0x92d3,nu
0x92d4,nv
0x92d5,nw
0x92d6,nx
0x92d7,ny
0x92d8,nz
0x92d9,n、
0x92da,n.
0x92db,n?
0x92dc,n!
0x92dd,n"
0x92de,n 
0x92df,oA
0x92e0,oB
0x92e1,oC
0x92e2,oD
0x92e3,oE
0x92e4,oF
0x92e5,oG
0x92e6,oH
0x92e7,oI
0x92e8,oJ
0x92e9,oK
0x92ea,oL
0x92eb,oM
0x92ec,oN
0x92ed,oO
0x92ee,oP
0x92ef,oQ
0x92f0,oR
0x92f1,oS
0x92f2,oT
0x92f3,oU
0x92f4,oV
0x92f5,oW
0x92f6,oX
0x92f7,oY
0x92f8,oZ
0x92f9,oa
0x92fa,ob
0x92fb,oc
0x92fc,od
0x92fd,oe
0x92fe,of
0x92ff,og
0x9340,oh
0x9341,oi
0x9342,oj
0x9343,ok
0x9344,ol
0x9345,om
0x9346,on
0x9347,oo
0x9348,op
0x9349,oq
0x934a,or
0x934b,os
0x934c,ot
0x934d,ou
0x934e,ov
0x934f,ow
0x9350,ox
0x9351,oy
0x9352,oz
0x9353,o、
0x9354,o.
0x9355,o?
0x9356,o!
0x9357,o"
0x9358,o 
0x9359,pA
0x935a,pB
0x935b,pC
0x935c,pD
0x935d,pE
0x935e,pF
0x935f,pG
0x9360,pH
0x9361,pI
0x9362,pJ
0x9363,pK
0x9364,pL
0x9365,pM
0x9366,pN
0x9367,pO
0x9368,pP
0x9369,pQ
0x936a,pR
0x936b,pS
0x936c,pT
0x936d,pU
0x936e,pV
0x936f,pW
0x9370,pX
0x9371,pY
0x9372,pZ
0x9373,pa
0x9374,pb
0x9375,pc
0x9376,pd
0x9377,pe
0x9378,pf
0x9379,pg
0x937a,ph
0x937b,pi
0x937c,pj
0x937d,pk
0x937e,pl
0x937f,pm
0x9380,pn
0x9381,po
0x9382,pp
0x9383,pq
0x9384,pr
0x9385,ps
0x9386,pt
0x9387,pu
0x9388,pv
0x9389,pw
0x938a,px
0x938b,py
0x938c,pz
0x938d,p、
0x938e,p.
0x938f,p?
0x9390,p!
0x9391,p"
0x9392,p 
0x9393,qA
0x9394,qB
0x9395,qC
0x9396,qD
0x9397,qE
0x9398,qF
0x9399,qG
0x939a,qH
0x939b,qI
0x939c,qJ
0x939d,qK
0x939e,qL
0x939f,qM
0x93a0,qN
0x93a1,qO
0x93a2,qP
0x93a3,qQ
0x93a4,qR
0x93a5,qS
0x93a6,qT
0x93a7,qU
0x93a8,qV
0x93a9,qW
0x93aa,qX
0x93ab,qY
0x93ac,qZ
0x93ad,qa
0x93ae,qb
0x93af,qc
0x93b0,qd
0x93b1,qe
0x93b2,qf
0x93b3,qg
0x93b4,qh
0x93b5,qi
0x93b6,qj
0x93b7,qk
0x93b8,ql
0x93b9,qm
0x93ba,qn
0x93bb,qo
0x93bc,qp
0x93bd,qq
0x93be,qr
0x93bf,qs
0x93c0,qt
0x93c1,qu
0x93c2,qv
0x93c3,qw
0x93c4,qx
0x93c5,qy
0x93c6,qz
0x93c7,q、
0x93c8,q.
0x93c9,q?
0x93ca,q!
0x93cb,q"
0x93cc,q 
0x93cd,rA
0x93ce,rB
0x93cf,rC
0x93d0,rD
0x93d1,rE
0x93d2,rF
0x93d3,rG
0x93d4,rH
0x93d5,rI
0x93d6,rJ
0x93d7,rK
0x93d8,rL
0x93d9,rM
0x93da,rN
0x93db,rO
0x93dc,rP
0x93dd,rQ
0x93de,rR
0x93df,rS
0x93e0,rT
0x93e1,rU
0x93e2,rV
0x93e3,rW
0x93e4,rX
0x93e5,rY
0x93e6,rZ
0x93e7,ra
0x93e8,rb
0x93e9,rc
0x93ea,rd
0x93eb,re
0x93ec,rf
0x93ed,rg
0x93ee,rh
0x93ef,ri
0x93f0,rj
0x93f1,rk
0x93f2,rl
0x93f3,rm
0x93f4,rn
0x93f5,ro
0x93f6,rp
0x93f7,rq
0x93f8,rr
0x93f9,rs
0x93fa,rt
0x93fb,ru
0x93fc,rv
0x93fd,rw
0x93fe,rx
0x93ff,ry
0x9440,rz
0x9441,r、
0x9442,r.
0x9443,r?
0x9444,r!
0x9445,r"
0x9446,r 
0x9447,sA
0x9448,sB
0x9449,sC
0x944a,sD
0x944b,sE
0x944c,sF
0x944d,sG
0x944e,sH
0x944f,sI
0x9450,sJ
0x9451,sK
0x9452,sL
0x9453,sM
0x9454,sN
0x9455,sO
0x9456,sP
0x9457,sQ
0x9458,sR
0x9459,sS
0x945a,sT
0x945b,sU
0x945c,sV
0x945d,sW
0x945e,sX
0x945f,sY
0x9460,sZ
0x9461,sa
0x9462,sb
0x9463,sc
0x9464,sd
0x9465,se
0x9466,sf
0x9467,sg
0x9468,sh
0x9469,si
0x946a,sj
0x946b,sk
0x946c,sl
0x946d,sm
0x946e,sn
0x946f,so
0x9470,sp
0x9471,sq
0x9472,sr
0x9473,ss
0x9474,st
0x9475,su
0x9476,sv
0x9477,sw
0x9478,sx
0x9479,sy
0x947a,sz
0x947b,s、
0x947c,s.
0x947d,s?
0x947e,s!
0x947f,s"
0x9480,s 
0x9481,tA
0x9482,tB
0x9483,tC
0x9484,tD
0x9485,tE
0x9486,tF
0x9487,tG
0x9488,tH
0x9489,tI
0x948a,tJ
0x948b,tK
0x948c,tL
0x948d,tM
0x948e,tN
0x948f,tO
0x9490,tP
0x9491,tQ
0x9492,tR
0x9493,tS
0x9494,tT
0x9495,tU
0x9496,tV
0x9497,tW
0x9498,tX
0x9499,tY
0x949a,tZ
0x949b,ta
0x949c,tb
0x949d,tc
0x949e,td
0x949f,te
0x94a0,tf
0x94a1,tg
0x94a2,th
0x94a3,ti
0x94a4,tj
0x94a5,tk
0x94a6,tl
0x94a7,tm
0x94a8,tn
0x94a9,to
0x94aa,tp
0x94ab,tq
0x94ac,tr
0x94ad,ts
0x94ae,tt
0x94af,tu
0x94b0,tv
0x94b1,tw
0x94b2,tx
0x94b3,ty
0x94b4,tz
0x94b5,t、
0x94b6,t.
0x94b7,t?
0x94b8,t!
0x94b9,t"
0x94ba,t 
0x94bb,uA
0x94bc,uB
0x94bd,uC
0x94be,uD
0x94bf,uE
0x94c0,uF
0x94c1,uG
0x94c2,uH
0x94c3,uI
0x94c4,uJ
0x94c5,uK
0x94c6,uL
0x94c7,uM
0x94c8,uN
0x94c9,uO
0x94ca,uP
0x94cb,uQ
0x94cc,uR
0x94cd,uS
0x94ce,uT
0x94cf,uU
0x94d0,uV
0x94d1,uW
0x94d2,uX
0x94d3,uY
0x94d4,uZ
0x94d5,ua
0x94d6,ub
0x94d7,uc
0x94d8,ud
0x94d9,ue
0x94da,uf
0x94db,ug
0x94dc,uh
0x94dd,ui
0x94de,uj
0x94df,uk
0x94e0,ul
0x94e1,um
0x94e2,un
0x94e3,uo
0x94e4,up
0x94e5,uq
0x94e6,ur
0x94e7,us
0x94e8,ut
0x94e9,uu
0x94ea,uv
0x94eb,uw
0x94ec,ux
0x94ed,uy
0x94ee,uz
0x94ef,u、
0x94f0,u.
0x94f1,u?
0x94f2,u!
0x94f3,u"
0x94f4,u 
0x94f5,vA
0x94f6,vB
0x94f7,vC
0x94f8,vD
0x94f9,vE
0x94fa,vF
0x94fb,vG
0x94fc,vH
0x94fd,vI
0x94fe,vJ
0x94ff,vK
0x9540,vL
0x9541,vM
0x9542,vN
0x9543,vO
0x9544,vP
0x9545,vQ
0x9546,vR
0x9547,vS
0x9548,vT
0x9549,vU
0x954a,vV
0x954b,vW
0x954c,vX
0x954d,vY
0x954e,vZ
0x954f,va
0x9550,vb
0x9551,vc
0x9552,vd
0x9553,ve
0x9554,vf
0x9555,vg
0x9556,vh
0x9557,vi
0x9558,vj
0x9559,vk
0x955a,vl
0x955b,vm
0x955c,vn
0x955d,vo
0x955e,vp
0x955f,vq
0x9560,vr
0x9561,vs
0x9562,vt
0x9563,vu
0x9564,vv
0x9565,vw
0x9566,vx
0x9567,vy
0x9568,vz
0x9569,v、
0x956a,v.
0x956b,v?
0x956c,v!
0x956d,v"
0x956e,v 
0x956f,wA
0x9570,wB
0x9571,wC
0x9572,wD
0x9573,wE
0x9574,wF
0x9575,wG
0x9576,wH
0x9577,wI
0x9578,wJ
0x9579,wK
0x957a,wL
0x957b,wM
0x957c,wN
0x957d,wO
0x957e,wP
0x957f,wQ
0x9580,wR
0x9581,wS
0x9582,wT
0x9583,wU
0x9584,wV
0x9585,wW
0x9586,wX
0x9587,wY
0x9588,wZ
0x9589,wa
0x958a,wb
0x958b,wc
0x958c,wd
0x958d,we
0x958e,wf
0x958f,wg
0x9590,wh
0x9591,wi
0x9592,wj
0x9593,wk
0x9594,wl
0x9595,wm
0x9596,wn
0x9597,wo
0x9598,wp
0x9599,wq
0x959a,wr
0x959b,ws
0x959c,wt
0x959d,wu
0x959e,wv
0x959f,ww
0x95a0,wx
0x95a1,wy
0x95a2,wz
0x95a3,w、
0x95a4,w.
0x95a5,w?
0x95a6,w!
0x95a7,w"
0x95a8,w 
0x95a9,xA
0x95aa,xB
0x95ab,xC
0x95ac,xD
0x95ad,xE
0x95ae,xF
0x95af,xG
0x95b0,xH
0x95b1,xI
0x95b2,xJ
0x95b3,xK
0x95b4,xL
0x95b5,xM
0x95b6,xN
0x95b7,xO
0x95b8,xP
0x95b9,Ab
0x95ba,xR
0x95bb,xS
0x95bc,xT
0x95bd,xU
0x95be,xV
0x95bf,xW
0x95c0,xX
0x95c1,xY
0x95c2,xZ
0x95c3,xa
0x95c4,xb
0x95c5,xc
0x95c6,xd
0x95c7,xe
0x95c8,xf
0x95c9,xg
0x95ca,xh
0x95cb,xi
0x95cc,xj
0x95cd,xk
0x95ce,xl
0x95cf,xm
0x95d0,xn
0x95d1,xo
0x95d2,xp
0x95d3,xq
0x95d4,xr
0x95d5,xs
0x95d6,xt
0x95d7,xu
0x95d8,xv
0x95d9,xw
0x95da,xx
0x95db,xy
0x95dc,xz
0x95dd,x、
0x95de,x.
0x95df,x?
0x95e0,x!
0x95e1,x"
0x95e2,x 
0x95e3,yA
0x95e4,yB
0x95e5,yC
0x95e6,yD
0x95e7,yE
0x95e8,yF
0x95e9,yG
0x95ea,yH
0x95eb,yI
0x95ec,yJ
0x95ed,yK
0x95ee,yL
0x95ef,yM
0x95f0,yN
0x95f1,yO
0x95f2,yP
0x95f3,yQ
0x95f4,yR
0x95f5,yS
0x95f6,yT
0x95f7,yU
0x95f8,yV
0x95f9,yW
0x95fa,yX
0x95fb,yY
0x95fc,yZ
0x95fd,ya
0x95fe,yb
0x95ff,yc
0x9640,yd
0x9641,ye
0x9642,yf
0x9643,yg
0x9644,yh
0x9645,yi
0x9646,yj
0x9647,yk
0x9648,yl
0x9649,ym
0x964a,yn
0x964b,yo
0x964c,yp
0x964d,yq
0x964e,yr
0x964f,ys
0x9650,yt
0x9651,yu
0x9652,yv
0x9653,yw
0x9654,yx
0x9655,yy
0x9656,yz
0x9657,y、
0x9658,y.
0x9659,y?
0x965a,y!
0x965b,y"
0x965c,y 
0x965d,zA
0x965e,zB
0x965f,zC
0x9660,zD
0x9661,zE
0x9662,zF
0x9663,zG
0x9664,zH
0x9665,zI
0x9666,zJ
0x9667,zK
0x9668,zL
0x9669,zM
0x966a,zN
0x966b,zO
0x966c,zP
0x966d,AK
0x966e,zR
0x966f,zS
0x9670,zT
0x9671,zU
0x9672,zV
0x9673,zW
0x9674,zX
0x9675,zY
0x9676,zZ
0x9677,za
0x9678,zb
0x9679,zc
0x967a,zd
0x967b,ze
0x967c,zf
0x967d,zg
0x967e,zh
0x967f,zi
0x9680,zj
0x9681,zk
0x9682,zl
0x9683,zm
0x9684,zn
0x9685,zo
0x9686,zp
0x9687,zq
0x9688,zr
0x9689,zs
0x968a,zt
0x968b,zu
0x968c,zv
0x968d,zw
0x968e,zx
0x968f,zy
0x9690,zz
0x9691,z、
0x9692,z.
0x9693,z?
0x9694,z!
0x9695,z"
0x9696,z 
0x9697,、A
0x9698,、B
0x9699,、C
0x969a,、D
0x969b,、E
0x969c,、F
0x969d,、G
0x969e,、H
0x969f,、I
0x96a0,、J
0x96a1,、K
0x96a2,、L
0x96a3,、M
0x96a4,、N
0x96a5,、O
0x96a6,、P
0x96a7,、Q
0x96a8,、R
0x96a9,、S
0x96aa,、T
0x96ab,、U
0x96ac,、V
0x96ad,、W
0x96ae,、X
0x96af,、Y
0x96b0,、Z
0x96b1,、a
0x96b2,、b
0x96b3,、c
0x96b4,、d
0x96b5,、e
0x96b6,、f
0x96b7,、g
0x96b8,、h
0x96b9,、i
0x96ba,、j
0x96bb,、k
0x96bc,、l
0x96bd,、m
0x96be,、n
0x96bf,、o
0x96c0,、p
0x96c1,、q
0x96c2,、r
0x96c3,、s
0x96c4,、t
0x96c5,、u
0x96c6,、v
0x96c7,、w
0x96c8,、x
0x96c9,、y
0x96ca,、z
0x96cb,、、
0x96cc,、.
0x96cd,、?
0x96ce,、!
0x96cf,、"
0x96d0,、 
0x96d1,.A
0x96d2,.B
0x96d3,.C
0x96d4,.D
0x96d5,.E
0x96d6,.F
0x96d7,.G
0x96d8,.H
0x96d9,.I
0x96da,.J
0x96db,.K
0x96dc,.L
0x96dd,.M
0x96de,.N
0x96df,.O
0x96e0,.P
0x96e1,.Q
0x96e2,.R
0x96e3,.S
0x96e4,.T
0x96e5,.U
0x96e6,.V
0x96e7,.W
0x96e8,.X
0x96e9,.Y
0x96ea,.Z
0x96eb,.a
0x96ec,.b
0x96ed,.c
0x96ee,.d
0x96ef,.e
0x96f0,.f
0x96f1,.g
0x96f2,.h
0x96f3,.i
0x96f4,.j
0x96f5,.k
0x96f6,.l
0x96f7,.m
0x96f8,.n
0x96f9,.o
0x96fa,.p
0x96fb,.q
0x96fc,.r
0x96fd,.s
0x96fe,.t
0x96ff,.u
0x9740,.v
0x9741,.w
0x9742,.x
0x9743,.y
0x9744,.z
0x9745,.、
0x9746,..
0x9747,.?
0x9748,.!
0x9749,."
0x974a,. 
0x974b,?A
0x974c,?B
0x974d,?C
0x974e,?D
0x974f,?E
0x9750,?F
0x9751,?G
0x9752,?H
0x9753,?I
0x9754,?J
0x9755,?K
0x9756,?L
0x9757,?M
0x9758,?N
0x9759,?O
0x975a,?P
0x975b,?Q
0x975c,?R
0x975d,?S
0x975e,?T
0x975f,?U
0x9760,?V
0x9761,?W
0x9762,?X
0x9763,?Y
0x9764,?Z
0x9765,?a
0x9766,?b
0x9767,?c
0x9768,?d
0x9769,?e
0x976a,?f
0x976b,?g
0x976c,?h
0x976d,?i
0x976e,?j
0x976f,?k
0x9770,?l
0x9771,?m
0x9772,?n
0x9773,?o
0x9774,?p
0x9775,?q
0x9776,?r
0x9777,?s
0x9778,?t
0x9779,?u
0x977a,?v
0x977b,?w
0x977c,?x
0x977d,?y
0x977e,?z
0x977f,?、
0x9780,?.
0x9781,??
0x9782,?!
0x9783,?"
0x9784,? 
0x9785,!A
0x9786,!B
0x9787,!C
0x9788,!D
0x9789,!E
0x978a,!F
0x978b,!G
0x978c,!H
0x978d,!I
0x978e,!J
0x978f,!K
0x9790,!L
0x9791,!M
0x9792,!N
0x9793,!O
0x9794,!P
0x9795,!Q
0x9796,!R
0x9797,!S
0x9798,!T
0x9799,!U
0x979a,!V
0x979b,!W
0x979c,!X
0x979d,!Y
0x979e,!Z
0x979f,!a
0x97a0,!b
0x97a1,!c
0x97a2,!d
0x97a3,!e
0x97a4,!f
0x97a5,!g
0x97a6,!h
0x97a7,!i
0x97a8,!j
0x97a9,!k
0x97aa,!l
0x97ab,!m
0x97ac,!n
0x97ad,!o
0x97ae,!p
0x97af,!q
0x97b0,!r
0x97b1,!s
0x97b2,!t
0x97b3,!u
0x97b4,!v
0x97b5,!w
0x97b6,!x
0x97b7,!y
0x97b8,!z
0x97b9,!、
0x97ba,!.
0x97bb,!?
0x97bc,!!
0x97bd,!"
0x97be,! 
0x97bf,"A
0x97c0,"B
0x97c1,"C
0x97c2,"D
0x97c3,"E
0x97c4,"F
0x97c5,"G
0x97c6,"H
0x97c7,"I
0x97c8,"J
0x97c9,"K
0x97ca,"L
0x97cb,"M
0x97cc,"N
0x97cd,"O
0x97ce,"P
0x97cf,"Q
0x97d0,"R
0x97d1,"S
0x97d2,"T
0x97d3,"U
0x97d4,"V
0x97d5,"W
0x97d6,"X
0x97d7,"Y
0x97d8,"Z
0x97d9,"a
0x97da,"b
0x97db,"c
0x97dc,"d
0x97dd,"e
0x97de,"f
0x97df,"g
0x97e0,"h
0x97e1,"i
0x97e2,"j
0x97e3,"k
0x97e4,"l
0x97e5,"m
0x97e6,"n
0x97e7,"o
0x97e8,"p
0x97e9,"q
0x97ea,"r
0x97eb,"s
0x97ec,"t
0x97ed,"u
0x97ee,"v
0x97ef,"w
0x97f0,"x
0x97f1,"y
0x97f2,"z
0x97f3,"、
0x97f4,".
0x97f5,"?
0x97f6,"!
0x97f7,""
0x97f8," 
0x97f9, A
0x97fa, B
0x97fb, C
0x97fc, D
0x97fd, E
0x97fe, F
0x97ff, G
0x9840, H
0x9841, I
0x9842, J
0x9843, K
0x9844, L
0x9845, M
0x9846, N
0x9847, O
0x9848, P
0x9849, Q
0x984a, R
0x984b, S
0x984c, T
0x984d, U
0x984e, V
0x984f, W
0x9850, X
0x9851, Y
0x9852, Z
0x9853, a
0x9854, b
0x9855, c
0x9856, d
0x9857, e
0x9858, f
0x9859, g
0x985a, h
0x985b, i
0x985c, j
0x985d, k
0x985e, l
0x985f, m
0x9860, n
0x9861, o
0x9862, p
0x9863, q
0x9864, r
0x9865, s
0x9866, t
0x9867, u
0x9868, v
0x9869, w
0x986a, x
0x986b, y
0x986c, z
0x986d, 、
0x986e, .
0x986f, ?
0x9870, !
0x9871, "
0x9872,AA